"lnm_rate","treated","state","year"
-11.6187829971313,1,1,1927
-7.04901456832886,0,1,1927
-12.2009181976318,1,1,1928
-7.01138591766357,0,1,1928
-11.166407585144,1,1,1929
-7.05952930450439,0,1,1929
-11.2051343917847,1,1,1930
-7.0597972869873,0,1,1930
-11.3944873809814,1,1,1931
-7.04334926605225,0,1,1931
-11.2473182678223,1,1,1932
-7.14302349090576,0,1,1932
-11.7650775909424,1,1,1933
-7.24070405960083,0,1,1933
-11.9261140823364,1,1,1934
-7.33888101577759,0,1,1934
-12.1152744293213,1,1,1935
-7.36513805389404,0,1,1935
-12.1910591125488,1,1,1936
-7.31259536743164,0,1,1936
-12.3519563674927,1,2,1937
-7.35361814498901,0,2,1937
-12.010350227356,1,2,1938
-7.45771265029907,0,2,1938
-12.211163520813,1,2,1939
-7.50744152069092,0,2,1939
-12.2918834686279,1,2,1940
-7.54762077331543,0,2,1940
-12.3799695968628,1,2,1941
-7.55365800857544,0,2,1941
-13.4865608215332,1,2,1942
-7.72529602050781,0,2,1942
-13.7821588516235,1,2,1943
-7.7175989151001,0,2,1943
-10.584077835083,1,3,1926
-5.59910202026367,0,3,1926
-10.9661016464233,1,3,1927
-5.60480976104736,0,3,1927
-10.7395095825195,1,3,1928
-5.6082968711853,0,3,1928
-11.1691007614136,1,3,1929
-5.6064977645874,0,3,1929
-11.0385074615479,1,3,1930
-5.71132516860962,0,3,1930
-11.9003210067749,1,3,1931
-5.83653593063354,0,3,1931
-10.710657119751,1,3,1932
-5.93658828735352,0,3,1932
-10.4623994827271,1,3,1933
-6.01523303985596,0,3,1933
-10.5563516616821,1,3,1934
-6.07996273040771,0,3,1934
-10.3469276428223,1,3,1935
-6.08143520355225,0,3,1935
-10.765926361084,1,3,1936
-6.05190229415894,0,3,1936
-11.4724273681641,1,4,1937
-6.10178899765015,0,4,1937
-13.0950422286987,1,4,1938
-6.23019409179688,0,4,1938
-11.1621370315552,1,4,1939
-6.31458139419556,0,4,1939
-12.022274017334,1,4,1940
-6.37329959869385,0,4,1940
-6.66701889038086,0,4,1941
-12.5233020782471,1,4,1942
-6.70470380783081,0,4,1942
-13.2610111236572,1,4,1943
-6.72431945800781,0,4,1943
-11.5832185745239,1,5,1927
-7.1186637878418,0,5,1927
-11.8570747375488,1,5,1928
-7.09030914306641,0,5,1928
-11.2087097167969,1,5,1929
-7.12643766403198,0,5,1929
-11.4373836517334,1,5,1930
-7.20255279541016,0,5,1930
-10.9417133331299,1,5,1931
-7.21931076049805,0,5,1931
-11.3522567749023,1,5,1932
-7.36918210983276,0,5,1932
-12.1457672119141,1,5,1933
-7.4729380607605,0,5,1933
-12.1507949829102,1,5,1934
-7.48829936981201,0,5,1934
-11.8193244934082,1,5,1935
-7.61356687545776,0,5,1935
-11.6907711029053,1,5,1936
-7.4422755241394,0,5,1936
-12.8588743209839,1,6,1937
-7.49009847640991,0,6,1937
-12.5273303985596,1,6,1938
-7.56248998641968,0,6,1938
-13.091851234436,1,6,1939
-7.58044004440308,0,6,1939
-13.0967311859131,1,6,1940
-7.5964937210083,0,6,1940
-13.3823652267456,1,6,1941
-7.58630800247192,0,6,1941
-14.4789257049561,1,6,1942
-7.54940938949585,0,6,1942
-13.7837228775024,1,6,1943
-7.63418674468994,0,6,1943
-11.1722068786621,1,7,1925
-6.64263582229614,0,7,1925
-11.4875230789185,1,7,1926
-6.71063137054443,0,7,1926
-11.220682144165,1,7,1927
-6.72652721405029,0,7,1927
-11.3585071563721,1,7,1928
-6.75876140594482,0,7,1928
-10.9368209838867,1,7,1929
-6.8337516784668,0,7,1929
-11.3034820556641,1,7,1930
-6.91132879257202,0,7,1930
-11.5131521224976,1,7,1931
-6.99662446975708,0,7,1931
-11.6629295349121,1,7,1932
-7.06662178039551,0,7,1932
-11.2087574005127,1,7,1933
-7.17451667785645,0,7,1933
-11.2169370651245,1,7,1934
-7.19892692565918,0,7,1934
-11.4509811401367,1,7,1935
-7.24473094940186,0,7,1935
-11.1108350753784,1,7,1936
-7.23789930343628,0,7,1936
-11.8024978637695,1,8,1937
-7.29929256439209,0,8,1937
-12.5350408554077,1,8,1938
-7.41355991363525,0,8,1938
-12.3303270339966,1,8,1939
-7.46048736572266,0,8,1939
-12.8051815032959,1,8,1940
-7.48525762557983,0,8,1940
-14.1918506622314,1,8,1941
-7.57418012619019,0,8,1941
-13.3655099868774,1,8,1942
-7.58863210678101,0,8,1942
-13.3322954177856,1,8,1943
-7.63571834564209,0,8,1943
-9.96073246002197,1,9,1928
-6.57704877853394,0,9,1928
-11.1332988739014,1,9,1929
-6.68517208099365,0,9,1929
-10.631799697876,1,9,1930
-6.69371938705444,0,9,1930
-10.4251012802124,1,9,1931
-6.8771538734436,0,9,1931
-10.2839117050171,1,9,1932
-6.86709642410278,0,9,1932
-10.6176080703735,1,9,1933
-7.0766487121582,0,9,1933
-10.146240234375,1,9,1934
-7.17582607269287,0,9,1934
-9.06373500823975,1,9,1935
-7.18886089324951,0,9,1935
-9.5693883895874,1,9,1936
-7.19939088821411,0,9,1936
-10.9123983383179,1,10,1937
-7.30418634414673,0,10,1937
-11.4311685562134,1,10,1938
-7.44527578353882,0,10,1938
-11.7267322540283,1,10,1939
-7.42567491531372,0,10,1939
-12.1400184631348,1,10,1940
-7.5348482131958,0,10,1940
-11.7523584365845,1,10,1941
-7.82271337509155,0,10,1941
-11.4821691513062,1,10,1942
-7.76251840591431,0,10,1942
-11.7870445251465,1,10,1943
-7.83153629302979,0,10,1943
-10.3881702423096,1,11,1925
-7.16063642501831,0,11,1925
-10.6483268737793,1,11,1926
-7.12360191345215,0,11,1926
-11.1111631393433,1,11,1927
-7.26844358444214,0,11,1927
-11.2655200958252,1,11,1928
-7.24374628067017,0,11,1928
-11.7106885910034,1,11,1929
-7.33444786071777,0,11,1929
-11.1117658615112,1,11,1930
-7.39717769622803,0,11,1930
-11.8982725143433,1,11,1931
-7.49266242980957,0,11,1931
-11.1669816970825,1,11,1932
-7.57624292373657,0,11,1932
-11.0898694992065,1,11,1933
-7.60555696487427,0,11,1933
-11.7500257492065,1,11,1934
-7.71646595001221,0,11,1934
-11.1856718063354,1,11,1935
-7.73499488830566,0,11,1935
-11.8424129486084,1,11,1936
-7.80228996276855,0,11,1936
-11.9355401992798,1,12,1937
-7.84423017501831,0,12,1937
-12.9532194137573,1,12,1938
-7.89697313308716,0,12,1938
-12.7361173629761,1,12,1939
-7.95029354095459,0,12,1939
-7.95964336395264,0,12,1940
-13.6757001876831,1,12,1941
-7.95211458206177,0,12,1941
-7.93695068359375,0,12,1942
-13.7094020843506,1,12,1943
-7.9712176322937,0,12,1943
-11.2502241134644,1,13,1925
-6.87237310409546,0,13,1925
-10.7460422515869,1,13,1926
-6.7871356010437,0,13,1926
-11.2634677886963,1,13,1927
-6.93712949752808,0,13,1927
-10.1714115142822,1,13,1928
-7.08543252944946,0,13,1928
-10.7657117843628,1,13,1929
-7.10214996337891,0,13,1929
-10.9953269958496,1,13,1930
-7.2225661277771,0,13,1930
-11.2947387695312,1,13,1931
-7.00885534286499,0,13,1931
-10.613184928894,1,13,1932
-7.26328039169312,0,13,1932
-11.7232570648193,1,13,1933
-7.22344779968262,0,13,1933
-10.8182973861694,1,13,1934
-7.37148952484131,0,13,1934
-12.4389390945435,1,13,1935
-7.36376476287842,0,13,1935
-10.8405799865723,1,13,1936
-7.59798812866211,0,13,1936
-12.460976600647,1,14,1937
-7.51221656799316,0,14,1937
-11.7786684036255,1,14,1938
-7.56654119491577,0,14,1938
-12.4825391769409,1,14,1939
-7.43911361694336,0,14,1939
-11.3945360183716,1,14,1940
-7.67286682128906,0,14,1940
-12.5123176574707,1,14,1941
-7.43091344833374,0,14,1941
-11.1448316574097,1,14,1942
-7.54751968383789,0,14,1942
-12.5495882034302,1,14,1943
-7.84005784988403,0,14,1943
-12.4035625457764,1,15,1925
-7.09628534317017,0,15,1925
-11.3451490402222,1,15,1926
-6.96312284469604,0,15,1926
-11.6069383621216,1,15,1927
-7.08333969116211,0,15,1927
-12.1831426620483,1,15,1928
-7.11513710021973,0,15,1928
-12.5554866790771,1,15,1929
-7.25019407272339,0,15,1929
-12.5901174545288,1,15,1930
-7.2680835723877,0,15,1930
-12.2824592590332,1,15,1931
-7.24922370910645,0,15,1931
-12.4646167755127,1,15,1932
-7.26152610778809,0,15,1932
-11.9810342788696,1,15,1933
-7.33376312255859,0,15,1933
-12.7007026672363,1,15,1934
-7.45052623748779,0,15,1934
-14.335976600647,1,15,1935
-7.53915357589722,0,15,1935
-14.3611621856689,1,15,1936
-7.56210660934448,0,15,1936
-13.6925821304321,1,16,1937
-7.51879549026489,0,16,1937
-13.0234117507935,1,16,1938
-7.51808023452759,0,16,1938
-12.6413631439209,1,16,1939
-7.60983610153198,0,16,1939
-14.4560022354126,1,16,1940
-7.59219932556152,0,16,1940
-13.8078832626343,1,16,1941
-7.66369724273682,0,16,1941
-13.8509702682495,1,16,1942
-7.77562427520752,0,16,1942
-12.9759874343872,1,16,1943
-7.83666563034058,0,16,1943
-11.3857707977295,1,17,1928
-7.10490465164185,0,17,1928
-11.1691417694092,1,17,1929
-7.18196630477905,0,17,1929
-11.2195882797241,1,17,1930
-7.18557500839233,0,17,1930
-11.0618782043457,1,17,1931
-7.20160579681396,0,17,1931
-11.9533958435059,1,17,1932
-7.32173728942871,0,17,1932
-11.9093647003174,1,17,1933
-7.41960525512695,0,17,1933
-12.1397180557251,1,17,1934
-7.42569351196289,0,17,1934
-11.7005891799927,1,17,1935
-7.45782470703125,0,17,1935
-12.2875146865845,1,17,1936
-7.47940397262573,0,17,1936
-12.4487228393555,1,18,1937
-7.57288980484009,0,18,1937
-12.4557304382324,1,18,1938
-7.55478620529175,0,18,1938
-12.0572242736816,1,18,1939
-7.62773132324219,0,18,1939
-12.1819181442261,1,18,1940
-7.62541341781616,0,18,1940
-12.7675046920776,1,18,1941
-7.71196699142456,0,18,1941
-14.2817010879517,1,18,1942
-7.8101282119751,0,18,1942
-13.0389556884766,1,18,1943
-7.79268407821655,0,18,1943
-9.99826526641846,1,19,1926
-7.8010401725769,0,19,1926
-10.5120801925659,1,19,1927
-7.75523948669434,0,19,1927
-10.5150604248047,1,19,1928
-7.76352500915527,0,19,1928
-11.6166439056396,1,19,1929
-7.89095067977905,0,19,1929
-10.2333126068115,1,19,1930
-8.00195503234863,0,19,1930
-10.4587335586548,1,19,1931
-7.99324512481689,0,19,1931
-10.5562467575073,1,19,1932
-8.07134056091309,0,19,1932
-11.9597120285034,1,19,1933
-7.96457433700562,0,19,1933
-10.4361486434937,1,19,1934
-8.08477306365967,0,19,1934
-9.62607002258301,1,19,1935
-8.28778553009033,0,19,1935
-9.13784408569336,1,19,1936
-8.32064437866211,0,19,1936
-10.7263078689575,1,20,1937
-8.46076393127441,0,20,1937
-12.0414037704468,1,20,1938
-8.44866847991943,0,20,1938
-12.4624357223511,1,20,1939
-8.56046295166016,0,20,1939
-11.0914697647095,1,20,1940
-8.61703491210938,0,20,1940
-12.489839553833,1,20,1941
-8.58786678314209,0,20,1941
-13.194917678833,1,20,1942
-8.74057102203369,0,20,1942
-11.5972709655762,1,20,1943
-8.67410945892334,0,20,1943
-10.1384553909302,1,21,1925
-7.15045928955078,0,21,1925
-10.3093023300171,1,21,1926
-7.1738076210022,0,21,1926
-10.6425533294678,1,21,1927
-7.1896505355835,0,21,1927
-10.7112588882446,1,21,1928
-7.20816135406494,0,21,1928
-10.1024599075317,1,21,1929
-7.26543474197388,0,21,1929
-10.1143426895142,1,21,1930
-7.36591100692749,0,21,1930
-9.96799278259277,1,21,1931
-7.36871337890625,0,21,1931
-10.2789840698242,1,21,1932
-7.48833084106445,0,21,1932
-10.2345209121704,1,21,1933
-7.51760530471802,0,21,1933
-10.1320304870605,1,21,1934
-7.5351300239563,0,21,1934
-9.84955310821533,1,21,1935
-7.55455732345581,0,21,1935
-10.3970060348511,1,21,1936
-7.56132411956787,0,21,1936
-10.7790803909302,1,22,1937
-7.57753133773804,0,22,1937
-10.9418973922729,1,22,1938
-7.66190624237061,0,22,1938
-11.6032342910767,1,22,1939
-7.68346357345581,0,22,1939
-11.6493101119995,1,22,1940
-7.68230485916138,0,22,1940
-12.1323308944702,1,22,1941
-7.71798324584961,0,22,1941
-12.2926263809204,1,22,1942
-7.79071664810181,0,22,1942
-12.617621421814,1,22,1943
-7.79793691635132,0,22,1943
-10.2505350112915,1,23,1925
-7.10038995742798,0,23,1925
-10.3367023468018,1,23,1926
-7.09009552001953,0,23,1926
-10.4398756027222,1,23,1927
-7.19736814498901,0,23,1927
-10.6276044845581,1,23,1928
-7.21179628372192,0,23,1928
-10.2188882827759,1,23,1929
-7.203688621521,0,23,1929
-10.5961723327637,1,23,1930
-7.28851747512817,0,23,1930
-10.1212348937988,1,23,1931
-7.37621784210205,0,23,1931
-10.4804210662842,1,23,1932
-7.40381050109863,0,23,1932
-10.4436063766479,1,23,1933
-7.4620361328125,0,23,1933
-10.1773834228516,1,23,1934
-7.520348072052,0,23,1934
-10.2235536575317,1,23,1935
-7.58923006057739,0,23,1935
-10.1729612350464,1,23,1936
-7.58074235916138,0,23,1936
-10.3392581939697,1,24,1937
-7.60227298736572,0,24,1937
-10.7321252822876,1,24,1938
-7.78839731216431,0,24,1938
-11.1297197341919,1,24,1939
-7.78898048400879,0,24,1939
-11.3837032318115,1,24,1940
-7.81887674331665,0,24,1940
-11.9264574050903,1,24,1941
-7.85113382339478,0,24,1941
-12.4373693466187,1,24,1942
-7.92103004455566,0,24,1942
-12.1462554931641,1,24,1943
-7.96219873428345,0,24,1943
-10.8146553039551,1,25,1925
-7.78087997436523,0,25,1925
-10.8805751800537,1,25,1926
-7.88701963424683,0,25,1926
-10.9983787536621,1,25,1927
-7.94001531600952,0,25,1927
-10.7073440551758,1,25,1928
-7.96944141387939,0,25,1928
-10.6569538116455,1,25,1929
-8.00687408447266,0,25,1929
-10.5006008148193,1,25,1930
-8.00836849212646,0,25,1930
-10.8310098648071,1,25,1931
-8.09743785858154,0,25,1931
-11.1701955795288,1,25,1932
-8.12703418731689,0,25,1932
-10.9215879440308,1,25,1933
-8.24514293670654,0,25,1933
-10.6200752258301,1,25,1934
-8.30122947692871,0,25,1934
-10.4995346069336,1,25,1935
-8.25666904449463,0,25,1935
-10.3055086135864,1,25,1936
-8.33109664916992,0,25,1936
-10.0755643844604,1,26,1937
-8.4437370300293,0,26,1937
-10.8296499252319,1,26,1938
-8.5493106842041,0,26,1938
-11.5662822723389,1,26,1939
-8.55812740325928,0,26,1939
-11.6559505462646,1,26,1940
-8.67164611816406,0,26,1940
-12.5530252456665,1,26,1941
-8.77389812469482,0,26,1941
-12.5562715530396,1,26,1942
-8.69671154022217,0,26,1942
-11.9841432571411,1,26,1943
-8.77784633636475,0,26,1943
-10.6794910430908,1,27,1925
-7.71642971038818,0,27,1925
-10.9267568588257,1,27,1926
-7.81661415100098,0,27,1926
-10.2098236083984,1,27,1927
-7.96008062362671,0,27,1927
-10.5852136611938,1,27,1928
-7.82466506958008,0,27,1928
-10.3638181686401,1,27,1929
-7.89027500152588,0,27,1929
-10.7337417602539,1,27,1930
-7.92375135421753,0,27,1930
-11.3075590133667,1,27,1931
-7.89770317077637,0,27,1931
-10.9730386734009,1,27,1932
-8.0220422744751,0,27,1932
-10.7709150314331,1,27,1933
-8.09235572814941,0,27,1933
-10.874813079834,1,27,1934
-8.17825698852539,0,27,1934
-10.5138034820557,1,27,1935
-8.13056087493896,0,27,1935
-10.0520257949829,1,27,1936
-8.12990474700928,0,27,1936
-10.2274465560913,1,28,1937
-8.23295211791992,0,28,1937
-11.0454139709473,1,28,1938
-8.35592555999756,0,28,1938
-11.7002487182617,1,28,1939
-8.37281703948975,0,28,1939
-12.2066440582275,1,28,1940
-8.29907512664795,0,28,1940
-12.6178789138794,1,28,1941
-8.40575122833252,0,28,1941
-12.4694652557373,1,28,1942
-8.33315658569336,0,28,1942
-11.6484909057617,1,28,1943
-8.57753467559814,0,28,1943
-10.8062000274658,1,29,1925
-6.7343282699585,0,29,1925
-10.7028131484985,1,29,1926
-6.70832109451294,0,29,1926
-10.8824405670166,1,29,1927
-6.82343530654907,0,29,1927
-10.7009162902832,1,29,1928
-6.83692502975464,0,29,1928
-10.2046689987183,1,29,1929
-6.85221004486084,0,29,1929
-10.3577766418457,1,29,1930
-6.93433856964111,0,29,1930
-10.3786954879761,1,29,1931
-6.94825553894043,0,29,1931
-10.4503307342529,1,29,1932
-7.06264400482178,0,29,1932
-10.5123224258423,1,29,1933
-7.05561685562134,0,29,1933
-10.4938650131226,1,29,1934
-7.16547727584839,0,29,1934
-10.5157871246338,1,29,1935
-7.22748565673828,0,29,1935
-11.0216159820557,1,29,1936
-7.19490909576416,0,29,1936
-10.9448146820068,1,30,1937
-7.14909648895264,0,30,1937
-11.2340049743652,1,30,1938
-7.22863912582397,0,30,1938
-11.4191541671753,1,30,1939
-7.25474262237549,0,30,1939
-11.4939985275269,1,30,1940
-7.26993703842163,0,30,1940
-11.399037361145,1,30,1941
-7.29021453857422,0,30,1941
-11.610143661499,1,30,1942
-7.3507194519043,0,30,1942
-12.2326383590698,1,30,1943
-7.38508224487305,0,30,1943
-12.1160821914673,1,31,1927
-6.96489477157593,0,31,1927
-12.1310434341431,1,31,1928
-7.03284168243408,0,31,1928
-11.9787302017212,1,31,1929
-7.04425621032715,0,31,1929
-11.9932565689087,1,31,1930
-7.07665061950684,0,31,1930
-11.798023223877,1,31,1931
-7.09697484970093,0,31,1931
-12.5034246444702,1,31,1932
-7.20698404312134,0,31,1932
-12.1100654602051,1,31,1933
-7.22159719467163,0,31,1933
-12.1220254898071,1,31,1934
-7.27849531173706,0,31,1934
-12.4215278625488,1,31,1935
-7.2863826751709,0,31,1935
-13.0209951400757,1,31,1936
-7.28120231628418,0,31,1936
-12.0029220581055,1,32,1937
-7.32145261764526,0,32,1937
-12.7074842453003,1,32,1938
-7.39427852630615,0,32,1938
-13.0552425384521,1,32,1939
-7.43339347839355,0,32,1939
-14.6758403778076,1,32,1940
-7.44094181060791,0,32,1940
-13.3029737472534,1,32,1941
-7.52532196044922,0,32,1941
-14.0093717575073,1,32,1942
-7.60828399658203,0,32,1942
-7.55552673339844,0,32,1943
-10.4794855117798,1,33,1925
-7.3619384765625,0,33,1925
-10.5297565460205,1,33,1926
-7.24634170532227,0,33,1926
-9.99449634552002,1,33,1927
-7.28274869918823,0,33,1927
-10.7485237121582,1,33,1928
-7.41003656387329,0,33,1928
-11.1875505447388,1,33,1929
-7.41165971755981,0,33,1929
-10.9500827789307,1,33,1930
-7.47324848175049,0,33,1930
-10.8227844238281,1,33,1931
-7.62156343460083,0,33,1931
-10.7683534622192,1,33,1932
-7.64832305908203,0,33,1932
-10.9686651229858,1,33,1933
-7.70236015319824,0,33,1933
-11.416615486145,1,33,1934
-7.90341329574585,0,33,1934
-11.3173360824585,1,33,1935
-7.9194769859314,0,33,1935
-11.6800546646118,1,33,1936
-7.799964427948,0,33,1936
-12.0225343704224,1,34,1937
-7.97249031066895,0,34,1937
-8.07342338562012,0,34,1938
-12.5452680587769,1,34,1939
-8.00552558898926,0,34,1939
-11.8580226898193,1,34,1940
-8.11639213562012,0,34,1940
-13.6575994491577,1,34,1941
-8.12026500701904,0,34,1941
-11.8735971450806,1,34,1942
-8.11239719390869,0,34,1942
-12.2867593765259,1,34,1943
-8.05628299713135,0,34,1943
-11.4750890731812,1,35,1925
-6.70599508285522,0,35,1925
-11.2148914337158,1,35,1926
-6.76387214660645,0,35,1926
-11.3806419372559,1,35,1927
-6.87836599349976,0,35,1927
-11.7975730895996,1,35,1928
-6.84233331680298,0,35,1928
-10.7384691238403,1,35,1929
-6.86548376083374,0,35,1929
-10.7215070724487,1,35,1930
-6.9142279624939,0,35,1930
-10.8825998306274,1,35,1931
-6.94951057434082,0,35,1931
-10.8622808456421,1,35,1932
-7.01080417633057,0,35,1932
-10.6757545471191,1,35,1933
-7.11675024032593,0,35,1933
-11.0923938751221,1,35,1934
-7.15680408477783,0,35,1934
-10.9942445755005,1,35,1935
-7.14409685134888,0,35,1935
-11.88756275177,1,35,1936
-7.10984086990356,0,35,1936
-11.7442235946655,1,36,1937
-7.13548803329468,0,36,1937
-12.1967515945435,1,36,1938
-7.20783185958862,0,36,1938
-12.7951211929321,1,36,1939
-7.24138641357422,0,36,1939
-12.2178058624268,1,36,1940
-7.14193773269653,0,36,1940
-13.3446636199951,1,36,1941
-7.26855134963989,0,36,1941
-13.3721323013306,1,36,1942
-7.29219961166382,0,36,1942
-13.3988676071167,1,36,1943
-7.34521102905273,0,36,1943
-10.460880279541,1,37,1925
-7.07095336914062,0,37,1925
-10.3959159851074,1,37,1926
-7.06285429000854,0,37,1926
-10.2571601867676,1,37,1927
-7.16236257553101,0,37,1927
-10.7216768264771,1,37,1928
-7.20140886306763,0,37,1928
-10.9762802124023,1,37,1929
-7.27258062362671,0,37,1929
-10.6773710250854,1,37,1930
-7.35211515426636,0,37,1930
-10.6004772186279,1,37,1931
-7.42046022415161,0,37,1931
-10.2548570632935,1,37,1932
-7.52526235580444,0,37,1932
-10.5665845870972,1,37,1933
-7.53645086288452,0,37,1933
-10.9248304367065,1,37,1934
-7.61514043807983,0,37,1934
-11.1430692672729,1,37,1935
-7.65836095809937,0,37,1935
-11.3799486160278,1,37,1936
-7.70184135437012,0,37,1936
-11.559760093689,1,38,1937
-7.71952104568481,0,38,1937
-11.9790554046631,1,38,1938
-7.8312292098999,0,38,1938
-12.4432373046875,1,38,1939
-7.86852645874023,0,38,1939
-12.2334842681885,1,38,1940
-7.88535928726196,0,38,1940
-12.801721572876,1,38,1941
-7.88295841217041,0,38,1941
-12.6561193466187,1,38,1942
-7.89945507049561,0,38,1942
-12.3079204559326,1,38,1943
-7.79816007614136,0,38,1943
-9.88841342926025,1,39,1925
-7.30931949615479,0,39,1925
-9.79784393310547,1,39,1926
-7.26702499389648,0,39,1926
-10.1526107788086,1,39,1927
-7.32715845108032,0,39,1927
-10.112096786499,1,39,1928
-7.2918643951416,0,39,1928
-10.3577289581299,1,39,1929
-7.30972051620483,0,39,1929
-10.4802503585815,1,39,1930
-7.40198993682861,0,39,1930
-10.5651321411133,1,39,1931
-7.49523544311523,0,39,1931
-10.6562614440918,1,39,1932
-7.58660554885864,0,39,1932
-10.3062295913696,1,39,1933
-7.64715051651001,0,39,1933
-10.222508430481,1,39,1934
-7.71900272369385,0,39,1934
-10.7433958053589,1,39,1935
-7.80525350570679,0,39,1935
-10.6979732513428,1,39,1936
-7.78846168518066,0,39,1936
-10.4537878036499,1,40,1937
-7.78384208679199,0,40,1937
-10.9816942214966,1,40,1938
-7.90994834899902,0,40,1938
-11.292610168457,1,40,1939
-7.91528511047363,0,40,1939
-11.7613286972046,1,40,1940
-7.99842882156372,0,40,1940
-12.0301685333252,1,40,1941
-8.0245418548584,0,40,1941
-12.3384227752686,1,40,1942
-7.97161531448364,0,40,1942
-12.9716844558716,1,40,1943
-8.00508117675781,0,40,1943
-9.69808769226074,1,41,1925
-7.36122894287109,0,41,1925
-9.69864845275879,1,41,1926
-7.30910634994507,0,41,1926
-10.2588167190552,1,41,1927
-7.39856576919556,0,41,1927
-10.6488265991211,1,41,1928
-7.46661520004272,0,41,1928
-10.5912570953369,1,41,1929
-7.48331308364868,0,41,1929
-11.1194744110107,1,41,1930
-7.62456321716309,0,41,1930
-11.5878734588623,1,41,1931
-7.79332113265991,0,41,1931
-11.0611438751221,1,41,1932
-7.82007741928101,0,41,1932
-11.1458425521851,1,41,1933
-7.88068532943726,0,41,1933
-11.3908681869507,1,41,1934
-7.96011161804199,0,41,1934
-10.4439191818237,1,41,1935
-7.94101333618164,0,41,1935
-10.099588394165,1,41,1936
-7.93285369873047,0,41,1936
-11.0563373565674,1,42,1937
-8.00299453735352,0,42,1937
-11.6070098876953,1,42,1938
-8.11902332305908,0,42,1938
-12.0615758895874,1,42,1939
-8.13836574554443,0,42,1939
-12.1343259811401,1,42,1940
-8.21433448791504,0,42,1940
-12.6519393920898,1,42,1941
-8.22909069061279,0,42,1941
-12.6586818695068,1,42,1942
-8.31632041931152,0,42,1942
-12.5600185394287,1,42,1943
-8.28474140167236,0,42,1943
-12.0595846176147,1,43,1925
-6.89324140548706,0,43,1925
-12.6771898269653,1,43,1926
-6.88773965835571,0,43,1926
-11.6470756530762,1,43,1927
-6.96548938751221,0,43,1927
-11.7834510803223,1,43,1928
-6.94981861114502,0,43,1928
-12.305365562439,1,43,1929
-7.06420612335205,0,43,1929
-11.5691175460815,1,43,1930
-7.02414417266846,0,43,1930
-11.9572257995605,1,43,1931
-7.09384202957153,0,43,1931
-12.0458135604858,1,43,1932
-7.22553253173828,0,43,1932
-12.0542869567871,1,43,1933
-7.31080484390259,0,43,1933
-11.7143821716309,1,43,1934
-7.42553520202637,0,43,1934
-11.9909772872925,1,43,1935
-7.49545049667358,0,43,1935
-12.7724304199219,1,43,1936
-7.41505813598633,0,43,1936
-12.9629468917847,1,44,1937
-7.4123158454895,0,44,1937
-12.5010719299316,1,44,1938
-7.52433824539185,0,44,1938
-14.5885763168335,1,44,1939
-7.60571384429932,0,44,1939
-13.9034280776978,1,44,1940
-7.626784324646,0,44,1940
-13.210057258606,1,44,1941
-7.66683483123779,0,44,1941
-12.804368019104,1,44,1942
-7.58221244812012,0,44,1942
-12.6499938964844,1,44,1943
-7.78136157989502,0,44,1943
-10.5971326828003,1,45,1927
-7.15340709686279,0,45,1927
-10.6147384643555,1,45,1928
-7.10965871810913,0,45,1928
-10.5765523910522,1,45,1929
-7.18628454208374,0,45,1929
-10.7870807647705,1,45,1930
-7.25329685211182,0,45,1930
-9.83583927154541,1,45,1931
-7.22388553619385,0,45,1931
-10.333966255188,1,45,1932
-7.31497764587402,0,45,1932
-10.4168434143066,1,45,1933
-7.3853931427002,0,45,1933
-10.5997514724731,1,45,1934
-7.42033958435059,0,45,1934
-10.9360828399658,1,45,1935
-7.42997980117798,0,45,1935
-10.641282081604,1,45,1936
-7.38708209991455,0,45,1936
-10.3218965530396,1,46,1937
-7.47161340713501,0,46,1937
-11.0606899261475,1,46,1938
-7.5802321434021,0,46,1938
-11.645848274231,1,46,1939
-7.6647515296936,0,46,1939
-12.1507358551025,1,46,1940
-7.70632123947144,0,46,1940
-12.2605772018433,1,46,1941
-7.66826725006104,0,46,1941
-12.670503616333,1,46,1942
-7.79530668258667,0,46,1942
-12.164119720459,1,46,1943
-7.74588203430176,0,46,1943
-10.1607980728149,1,47,1925
-7.22390604019165,0,47,1925
-9.98436546325684,1,47,1926
-7.27099609375,0,47,1926
-9.73542213439941,1,47,1927
-7.27957916259766,0,47,1927
-10.8964853286743,1,47,1928
-7.32133436203003,0,47,1928
-10.424388885498,1,47,1929
-7.32768106460571,0,47,1929
-10.4868307113647,1,47,1930
-7.34555625915527,0,47,1930
-10.8010416030884,1,47,1931
-7.40287971496582,0,47,1931
-11.2570667266846,1,47,1932
-7.47612905502319,0,47,1932
-10.7220935821533,1,47,1933
-7.56509351730347,0,47,1933
-10.8131122589111,1,47,1934
-7.6312780380249,0,47,1934
-10.1239566802979,1,47,1935
-7.66592311859131,0,47,1935
-9.43478488922119,1,47,1936
-7.82081174850464,0,47,1936
-10.7380275726318,1,48,1937
-7.73813724517822,0,48,1937
-11.0296535491943,1,48,1938
-7.74208164215088,0,48,1938
-11.1513652801514,1,48,1939
-7.71737813949585,0,48,1939
-11.2888097763062,1,48,1940
-7.81861972808838,0,48,1940
-11.0431222915649,1,48,1941
-7.87437105178833,0,48,1941
-12.1473302841187,1,48,1942
-7.94263744354248,0,48,1942
-12.1528940200806,1,48,1943
-7.92363023757935,0,48,1943
-10.6102924346924,1,49,1925
-8.0064811706543,0,49,1925
-10.8168964385986,1,49,1926
-8.01017475128174,0,49,1926
-11.2854175567627,1,49,1927
-8.10981750488281,0,49,1927
-10.4109210968018,1,49,1928
-8.24117088317871,0,49,1928
-10.1790781021118,1,49,1929
-8.06189632415771,0,49,1929
-10.639609336853,1,49,1930
-8.25838088989258,0,49,1930
-11.1358652114868,1,49,1931
-8.24827575683594,0,49,1931
-10.8689622879028,1,49,1932
-8.49584674835205,0,49,1932
-10.8644018173218,1,49,1933
-8.4054708480835,0,49,1933
-10.8220806121826,1,49,1934
-8.40088939666748,0,49,1934
-10.3521146774292,1,49,1935
-8.34812355041504,0,49,1935
-9.94980907440186,1,49,1936
-8.58723068237305,0,49,1936
-10.5205278396606,1,50,1937
-8.53189277648926,0,50,1937
-11.3913297653198,1,50,1938
-8.67884540557861,0,50,1938
-11.2614784240723,1,50,1939
-8.70561981201172,0,50,1939
-11.6920862197876,1,50,1940
-8.67833518981934,0,50,1940
-12.2989568710327,1,50,1941
-8.74838161468506,0,50,1941
-12.7051563262939,1,50,1942
-8.89849376678467,0,50,1942
-12.0127429962158,1,50,1943
-8.75464725494385,0,50,1943
-10.7109994888306,1,51,1929
-6.93823862075806,0,51,1929
-10.3206396102905,1,51,1930
-6.9419150352478,0,51,1930
-11.4401063919067,1,51,1931
-6.82498598098755,0,51,1931
-10.7673873901367,1,51,1932
-6.91724014282227,0,51,1932
-10.7874069213867,1,51,1933
-7.0032172203064,0,51,1933
-7.0115442276001,0,51,1934
-11.5194292068481,1,51,1935
-6.84660053253174,0,51,1935
-9.45887279510498,1,51,1936
-7.06097745895386,0,51,1936
-10.8637027740479,1,52,1937
-7.00297260284424,0,52,1937
-7.20559930801392,0,52,1938
-11.5929203033447,1,52,1939
-7.51538228988647,0,52,1939
-7.2410306930542,0,52,1940
-7.5603461265564,0,52,1941
-11.0038833618164,1,52,1942
-7.31500387191772,0,52,1942
-7.24901390075684,0,52,1943
-10.3182163238525,1,53,1925
-7.3325343132019,0,53,1925
-9.62994766235352,1,53,1926
-7.265953540802,0,53,1926
-10.0402669906616,1,53,1927
-7.35241937637329,0,53,1927
-10.0450973510742,1,53,1928
-7.31398248672485,0,53,1928
-11.0997276306152,1,53,1929
-7.57757759094238,0,53,1929
-10.5655155181885,1,53,1930
-7.58236217498779,0,53,1930
-13.0560445785522,1,53,1931
-7.55071258544922,0,53,1931
-10.6637392044067,1,53,1932
-7.71452713012695,0,53,1932
-10.233980178833,1,53,1933
-7.88541030883789,0,53,1933
-10.3001337051392,1,53,1934
-7.95472860336304,0,53,1934
-11.6919260025024,1,53,1935
-7.97835397720337,0,53,1935
-10.7811031341553,1,53,1936
-7.94202470779419,0,53,1936
-11.2973670959473,1,54,1937
-8.12628173828125,0,54,1937
-11.4850978851318,1,54,1938
-8.09732341766357,0,54,1938
-13.0999155044556,1,54,1939
-8.16544151306152,0,54,1939
-11.7189712524414,1,54,1940
-8.46087551116943,0,54,1940
-12.4205703735352,1,54,1941
-8.16495800018311,0,54,1941
-11.7358045578003,1,54,1942
-8.49712562561035,0,54,1942
-13.1304092407227,1,54,1943
-8.22513484954834,0,54,1943
-10.8913679122925,1,55,1925
-7.12670230865479,0,55,1925
-10.7136478424072,1,55,1926
-7.08476448059082,0,55,1926
-10.5489778518677,1,55,1927
-7.20672273635864,0,55,1927
-10.9928903579712,1,55,1928
-7.22990274429321,0,55,1928
-11.3397846221924,1,55,1929
-7.23661422729492,0,55,1929
-11.0849514007568,1,55,1930
-7.28982448577881,0,55,1930
-10.7842044830322,1,55,1931
-7.33308410644531,0,55,1931
-10.9274892807007,1,55,1932
-7.38078927993774,0,55,1932
-11.1604251861572,1,55,1933
-7.46338891983032,0,55,1933
-11.0806436538696,1,55,1934
-7.52031946182251,0,55,1934
-11.9685840606689,1,55,1935
-7.55718517303467,0,55,1935
-11.7330665588379,1,55,1936
-7.5614800453186,0,55,1936
-12.5244092941284,1,56,1937
-7.6068639755249,0,56,1937
-12.8374404907227,1,56,1938
-7.68152523040771,0,56,1938
-12.2424726486206,1,56,1939
-7.7471170425415,0,56,1939
-12.3506937026978,1,56,1940
-7.75277185440063,0,56,1940
-13.0598211288452,1,56,1941
-7.73302459716797,0,56,1941
-13.07555103302,1,56,1942
-7.73268508911133,0,56,1942
-12.6492033004761,1,56,1943
-7.7219500541687,0,56,1943
-11.5545959472656,1,57,1929
-6.19330358505249,0,57,1929
-11.5695819854736,1,57,1930
-6.27502202987671,0,57,1930
-10.7839603424072,1,57,1931
-6.5134859085083,0,57,1931
-10.2332792282104,1,57,1932
-6.58424615859985,0,57,1932
-10.4650077819824,1,57,1933
-6.71098899841309,0,57,1933
-10.4144220352173,1,57,1934
-6.72732973098755,0,57,1934
-11.2847013473511,1,57,1935
-6.84009122848511,0,57,1935
-10.1031942367554,1,57,1936
-6.85475921630859,0,57,1936
-11.1749877929688,1,58,1937
-6.84237623214722,0,58,1937
-11.7561025619507,1,58,1938
-6.9561882019043,0,58,1938
-12.0648317337036,1,58,1939
-7.10665988922119,0,58,1939
-12.0854444503784,1,58,1940
-7.1900954246521,0,58,1940
-13.2117557525635,1,58,1941
-7.35096979141235,0,58,1941
-13.2387084960938,1,58,1942
-7.52497577667236,0,58,1942
-12.1663417816162,1,58,1943
-7.39848566055298,0,58,1943
-11.0044221878052,1,59,1925
-7.01854562759399,0,59,1925
-10.9773740768433,1,59,1926
-7.05016708374023,0,59,1926
-10.9052619934082,1,59,1927
-7.1398229598999,0,59,1927
-11.0761919021606,1,59,1928
-7.13667774200439,0,59,1928
-11.1048583984375,1,59,1929
-7.18790149688721,0,59,1929
-11.3994998931885,1,59,1930
-7.23818206787109,0,59,1930
-10.912896156311,1,59,1931
-7.29370546340942,0,59,1931
-10.4596843719482,1,59,1932
-7.36603736877441,0,59,1932
-10.9847784042358,1,59,1933
-7.39389657974243,0,59,1933
-11.2824306488037,1,59,1934
-7.44054079055786,0,59,1934
-11.1255464553833,1,59,1935
-7.46895313262939,0,59,1935
-11.174919128418,1,59,1936
-7.44282913208008,0,59,1936
-11.8116550445557,1,60,1937
-7.49825668334961,0,60,1937
-12.2444610595703,1,60,1938
-7.61414098739624,0,60,1938
-12.4979982376099,1,60,1939
-7.63339138031006,0,60,1939
-12.7530927658081,1,60,1940
-7.67535781860352,0,60,1940
-12.9002666473389,1,60,1941
-7.69965934753418,0,60,1941
-13.258448600769,1,60,1942
-7.72505903244019,0,60,1942
-12.8909320831299,1,60,1943
-7.6924352645874,0,60,1943
-11.4667768478394,1,61,1925
-6.93274450302124,0,61,1925
-11.3337354660034,1,61,1926
-6.95385408401489,0,61,1926
-11.3833961486816,1,61,1927
-7.05498743057251,0,61,1927
-11.2164392471313,1,61,1928
-7.12412929534912,0,61,1928
-10.942530632019,1,61,1929
-7.07284545898438,0,61,1929
-11.1851396560669,1,61,1930
-7.15009450912476,0,61,1930
-10.8199310302734,1,61,1931
-7.21706914901733,0,61,1931
-11.4618492126465,1,61,1932
-7.28114748001099,0,61,1932
-11.0854949951172,1,61,1933
-7.33929109573364,0,61,1933
-11.3431797027588,1,61,1934
-7.32980394363403,0,61,1934
-11.9248371124268,1,61,1935
-7.44698333740234,0,61,1935
-11.9804124832153,1,61,1936
-7.37905883789062,0,61,1936
-12.0381765365601,1,62,1937
-7.47174739837646,0,62,1937
-11.9517612457275,1,62,1938
-7.50964450836182,0,62,1938
-12.5667123794556,1,62,1939
-7.55385780334473,0,62,1939
-12.757773399353,1,62,1940
-7.57655143737793,0,62,1940
-12.5922861099243,1,62,1941
-7.71772527694702,0,62,1941
-13.014307975769,1,62,1942
-7.80755758285522,0,62,1942
-12.6251287460327,1,62,1943
-7.89112615585327,0,62,1943
-9.53462314605713,1,63,1925
-7.64377307891846,0,63,1925
-9.23654174804688,1,63,1926
-7.72734880447388,0,63,1926
-10.1971311569214,1,63,1927
-7.66661405563354,0,63,1927
-10.0537643432617,1,63,1928
-7.74088764190674,0,63,1928
-10.4816484451294,1,63,1929
-7.97076654434204,0,63,1929
-11.1285047531128,1,63,1930
-7.9630298614502,0,63,1930
-10.5921449661255,1,63,1931
-8.17833423614502,0,63,1931
-11.8101558685303,1,63,1932
-8.12127685546875,0,63,1932
-11.0159015655518,1,63,1933
-8.28389739990234,0,63,1933
-10.8430156707764,1,63,1934
-8.26630115509033,0,63,1934
-10.000901222229,1,63,1935
-8.23161506652832,0,63,1935
-9.89969062805176,1,63,1936
-8.23141288757324,0,63,1936
-11.1930389404297,1,64,1937
-8.20287704467773,0,64,1937
-10.5510787963867,1,64,1938
-8.44264984130859,0,64,1938
-11.2988433837891,1,64,1939
-8.42245864868164,0,64,1939
-12.2736301422119,1,64,1940
-8.55196094512939,0,64,1940
-12.6756153106689,1,64,1941
-8.63256454467773,0,64,1941
-12.6721239089966,1,64,1942
-8.56947994232178,0,64,1942
-8.54958248138428,0,64,1943
-10.1111221313477,1,65,1925
-7.16022920608521,0,65,1925
-10.4183120727539,1,65,1926
-7.12405252456665,0,65,1926
-10.5811614990234,1,65,1927
-7.21089029312134,0,65,1927
-10.7772941589355,1,65,1928
-7.21183824539185,0,65,1928
-10.6989784240723,1,65,1929
-7.26390266418457,0,65,1929
-10.5916366577148,1,65,1930
-7.37323999404907,0,65,1930
-10.2885980606079,1,65,1931
-7.35816860198975,0,65,1931
-10.3147735595703,1,65,1932
-7.47838544845581,0,65,1932
-10.3414402008057,1,65,1933
-7.5194034576416,0,65,1933
-10.2321481704712,1,65,1934
-7.55927801132202,0,65,1934
-10.2526035308838,1,65,1935
-7.53788137435913,0,65,1935
-10.6703147888184,1,65,1936
-7.56102752685547,0,65,1936
-10.8847074508667,1,66,1937
-7.62510919570923,0,66,1937
-11.3338308334351,1,66,1938
-7.72555351257324,0,66,1938
-11.4402837753296,1,66,1939
-7.75954580307007,0,66,1939
-11.9639434814453,1,66,1940
-7.81361961364746,0,66,1940
-12.4672260284424,1,66,1941
-7.77350234985352,0,66,1941
-12.2224254608154,1,66,1942
-7.82410335540771,0,66,1942
-12.2659091949463,1,66,1943
-7.85775661468506,0,66,1943
-10.8739604949951,1,67,1928
-7.52246236801147,0,67,1928
-10.7618370056152,1,67,1929
-7.50682258605957,0,67,1929
-10.9516582489014,1,67,1930
-7.5153694152832,0,67,1930
-10.6797552108765,1,67,1931
-7.50549650192261,0,67,1931
-10.8136425018311,1,67,1932
-7.62522602081299,0,67,1932
-11.5470991134644,1,67,1933
-7.58421802520752,0,67,1933
-11.4222421646118,1,67,1934
-7.62244081497192,0,67,1934
-11.5870361328125,1,67,1935
-7.62535762786865,0,67,1935
-10.8916244506836,1,67,1936
-7.51109313964844,0,67,1936
-11.1181955337524,1,68,1937
-7.56939935684204,0,68,1937
-11.580225944519,1,68,1938
-7.67917156219482,0,68,1938
-11.8357744216919,1,68,1939
-7.68984222412109,0,68,1939
-12.5872602462769,1,68,1940
-7.64205265045166,0,68,1940
-12.8703174591064,1,68,1941
-7.68479585647583,0,68,1941
-13.5588188171387,1,68,1942
-7.76885890960693,0,68,1942
-13.0433254241943,1,68,1943
-7.81543111801147,0,68,1943
-10.6788911819458,1,69,1925
-7.34668684005737,0,69,1925
-10.4359550476074,1,69,1926
-7.39878559112549,0,69,1926
-10.9405202865601,1,69,1927
-7.44023180007935,0,69,1927
-11.092752456665,1,69,1928
-7.48376703262329,0,69,1928
-10.9169540405273,1,69,1929
-7.58896017074585,0,69,1929
-11.1291370391846,1,69,1930
-7.73991584777832,0,69,1930
-11.4797677993774,1,69,1931
-7.75407409667969,0,69,1931
-11.8504028320312,1,69,1932
-7.90191030502319,0,69,1932
-10.5142440795898,1,69,1933
-7.94929504394531,0,69,1933
-10.6456089019775,1,69,1934
-7.94592666625977,0,69,1934
-10.7925395965576,1,69,1935
-7.98773670196533,0,69,1935
-10.9599123001099,1,69,1936
-7.93408155441284,0,69,1936
-11.3784265518188,1,70,1937
-7.96343564987183,0,70,1937
-11.5736293792725,1,70,1938
-8.14287376403809,0,70,1938
-12.0971727371216,1,70,1939
-8.11127948760986,0,70,1939
-13.2083425521851,1,70,1940
-8.2077579498291,0,70,1940
-12.842604637146,1,70,1941
-8.27479076385498,0,70,1941
-12.8808145523071,1,70,1942
-8.2789831161499,0,70,1942
-11.9367876052856,1,70,1943
-8.42524242401123,0,70,1943
-10.1943368911743,1,71,1925
-7.13643789291382,0,71,1925
-10.4361486434937,1,71,1926
-7.1328501701355,0,71,1926
-10.4987773895264,1,71,1927
-7.22573614120483,0,71,1927
-10.5642604827881,1,71,1928
-7.24161529541016,0,71,1928
-10.5987558364868,1,71,1929
-7.32002687454224,0,71,1929
-10.8655977249146,1,71,1930
-7.38619947433472,0,71,1930
-10.6671895980835,1,71,1931
-7.42703104019165,0,71,1931
-10.5176944732666,1,71,1932
-7.48985004425049,0,71,1932
-10.4575681686401,1,71,1933
-7.55414009094238,0,71,1933
-10.6404752731323,1,71,1934
-7.57913255691528,0,71,1934
-10.7810344696045,1,71,1935
-7.65220165252686,0,71,1935
-11.0093631744385,1,71,1936
-7.63887929916382,0,71,1936
-11.0244970321655,1,72,1937
-7.60145616531372,0,72,1937
-11.2740612030029,1,72,1938
-7.71734237670898,0,72,1938
-11.994197845459,1,72,1939
-7.75393295288086,0,72,1939
-12.2365598678589,1,72,1940
-7.76183080673218,0,72,1940
-12.8179788589478,1,72,1941
-7.77958393096924,0,72,1941
-12.4062614440918,1,72,1942
-7.78009366989136,0,72,1942
-12.6918277740479,1,72,1943
-7.81196260452271,0,72,1943
-10.8135232925415,1,73,1925
-7.04519319534302,0,73,1925
-12.0049610137939,1,73,1926
-7.17864942550659,0,73,1926
-10.6958265304565,1,73,1927
-7.15777015686035,0,73,1927
-10.6437520980835,1,73,1928
-7.21786260604858,0,73,1928
-11.0307569503784,1,73,1929
-7.27167272567749,0,73,1929
-11.4949026107788,1,73,1930
-7.27120208740234,0,73,1930
-10.9596748352051,1,73,1931
-7.37384414672852,0,73,1931
-10.2294607162476,1,73,1932
-7.53213453292847,0,73,1932
-11.2548532485962,1,73,1933
-7.58560943603516,0,73,1933
-12.0695104598999,1,73,1934
-7.70960140228271,0,73,1934
-12.3609056472778,1,73,1935
-7.61597299575806,0,73,1935
-10.8982677459717,1,73,1936
-7.67325687408447,0,73,1936
-11.0690069198608,1,74,1937
-7.70171165466309,0,74,1937
-12.3719625473022,1,74,1938
-7.85017395019531,0,74,1938
-7.89073705673218,0,74,1939
-12.7847318649292,1,74,1940
-8.01404666900635,0,74,1940
-13.4888591766357,1,74,1941
-7.87938737869263,0,74,1941
-12.8065729141235,1,74,1942
-7.86493015289307,0,74,1942
-12.4118518829346,1,74,1943
-7.82010459899902,0,74,1943
-12.4068212509155,1,75,1925
-6.9184741973877,0,75,1925
-11.9580478668213,1,75,1926
-6.94016551971436,0,75,1926
-12.413233757019,1,75,1927
-7.01313352584839,0,75,1927
-12.0597496032715,1,75,1928
-7.04114580154419,0,75,1928
-11.5929260253906,1,75,1929
-7.1205735206604,0,75,1929
-11.5960969924927,1,75,1930
-7.15491724014282,0,75,1930
-11.4334945678711,1,75,1931
-7.21476078033447,0,75,1931
-11.989200592041,1,75,1932
-7.30119466781616,0,75,1932
-11.831226348877,1,75,1933
-7.39857959747314,0,75,1933
-12.1025886535645,1,75,1934
-7.39125823974609,0,75,1934
-12.4681806564331,1,75,1935
-7.50733661651611,0,75,1935
-11.8579807281494,1,75,1936
-7.48658752441406,0,75,1936
-12.4857816696167,1,76,1937
-7.55542707443237,0,76,1937
-12.2431526184082,1,76,1938
-7.59983015060425,0,76,1938
-13.0626926422119,1,76,1939
-7.7072868347168,0,76,1939
-13.7643775939941,1,76,1940
-7.65624141693115,0,76,1940
-13.0831422805786,1,76,1941
-7.72185039520264,0,76,1941
-7.79534769058228,0,76,1942
-13.7996969223022,1,76,1943
-7.96050930023193,0,76,1943
-11.2368402481079,1,77,1932
-7.61398220062256,0,77,1932
-11.2295093536377,1,77,1933
-7.77074241638184,0,77,1933
-11.3399076461792,1,77,1934
-7.89788866043091,0,77,1934
-10.4674701690674,1,77,1935
-7.81719827651978,0,77,1935
-10.1855382919312,1,77,1936
-7.85923624038696,0,77,1936
-10.4011297225952,1,78,1937
-7.79474258422852,0,78,1937
-11.443341255188,1,78,1938
-7.91698122024536,0,78,1938
-11.1843595504761,1,78,1939
-8.13455963134766,0,78,1939
-12.2752437591553,1,78,1940
-8.13210964202881,0,78,1940
-13.3753757476807,1,78,1941
-8.12310218811035,0,78,1941
-13.3768930435181,1,78,1942
-8.15653705596924,0,78,1942
-11.9921140670776,1,78,1943
-8.20792388916016,0,78,1943
-10.8328742980957,1,79,1927
-6.63147020339966,0,79,1927
-11.0181694030762,1,79,1928
-6.63763189315796,0,79,1928
-10.6077785491943,1,79,1929
-6.70928478240967,0,79,1929
-11.0637969970703,1,79,1930
-6.7308201789856,0,79,1930
-10.6298599243164,1,79,1931
-6.7951226234436,0,79,1931
-11.3987903594971,1,79,1932
-6.89344072341919,0,79,1932
-10.8408164978027,1,79,1933
-6.94745683670044,0,79,1933
-10.7616634368896,1,79,1934
-7.01540994644165,0,79,1934
-11.3672485351562,1,79,1935
-7.03241205215454,0,79,1935
-11.6656923294067,1,79,1936
-6.99325275421143,0,79,1936
-11.8098697662354,1,80,1937
-7.05259227752686,0,80,1937
-11.7294330596924,1,80,1938
-7.15024948120117,0,80,1938
-12.1027631759644,1,80,1939
-7.12430667877197,0,80,1939
-11.9412298202515,1,80,1940
-7.19858884811401,0,80,1940
-12.1258888244629,1,80,1941
-7.14099836349487,0,80,1941
-12.3461742401123,1,80,1942
-7.2724437713623,0,80,1942
-12.6210269927979,1,80,1943
-7.33377075195312,0,80,1943
-11.3171272277832,1,81,1933
-7.23935699462891,0,81,1933
-11.4742441177368,1,81,1934
-7.31834125518799,0,81,1934
-11.5495386123657,1,81,1935
-7.28376007080078,0,81,1935
-11.4777965545654,1,81,1936
-7.25324678421021,0,81,1936
-11.7960453033447,1,82,1937
-7.28238391876221,0,82,1937
-12.2216291427612,1,82,1938
-7.33079481124878,0,82,1938
-12.6692190170288,1,82,1939
-7.39545059204102,0,82,1939
-12.8409862518311,1,82,1940
-7.43355131149292,0,82,1940
-13.9024391174316,1,82,1941
-7.47487211227417,0,82,1941
-12.7693653106689,1,82,1942
-7.52234125137329,0,82,1942
-13.5358095169067,1,82,1943
-7.62380886077881,0,82,1943
-11.6923713684082,1,83,1925
-8.07471942901611,0,83,1925
-11.7045097351074,1,83,1926
-7.93751239776611,0,83,1926
-10.058274269104,1,83,1927
-8.13995170593262,0,83,1927
-10.5496978759766,1,83,1928
-8.11743545532227,0,83,1928
-10.5614099502563,1,83,1929
-8.19910526275635,0,83,1929
-10.4988784790039,1,83,1930
-8.15432929992676,0,83,1930
-10.7483673095703,1,83,1931
-8.40132999420166,0,83,1931
-10.3213062286377,1,83,1932
-8.44499015808105,0,83,1932
-10.0716676712036,1,83,1933
-8.44421100616455,0,83,1933
-11.0913925170898,1,83,1934
-8.47035312652588,0,83,1934
-9.0517578125,1,83,1935
-8.6790828704834,0,83,1935
-9.40269660949707,1,83,1936
-8.47735595703125,0,83,1936
-10.9975919723511,1,84,1937
-8.46742820739746,0,84,1937
-11.5932464599609,1,84,1938
-8.59751415252686,0,84,1938
-12.1118783950806,1,84,1939
-8.65661430358887,0,84,1939
-11.6087989807129,1,84,1940
-8.72960090637207,0,84,1940
-9.03841018676758,0,84,1941
-11.8810701370239,1,84,1942
-8.86064529418945,0,84,1942
-13.291051864624,1,84,1943
-9.04255676269531,0,84,1943
-10.0746908187866,1,85,1925
-7.25728797912598,0,85,1925
-9.89438438415527,1,85,1926
-7.14284944534302,0,85,1926
-10.3888721466064,1,85,1927
-7.27737951278687,0,85,1927
-10.997015953064,1,85,1928
-7.21282625198364,0,85,1928
-10.9990196228027,1,85,1929
-7.26931762695312,0,85,1929
-10.4901933670044,1,85,1930
-7.32471799850464,0,85,1930
-11.1832342147827,1,85,1931
-7.3162088394165,0,85,1931
-10.8466567993164,1,85,1932
-7.44545936584473,0,85,1932
-10.7130193710327,1,85,1933
-7.62197732925415,0,85,1933
-11.0005960464478,1,85,1934
-7.5453314781189,0,85,1934
-10.7128086090088,1,85,1935
-7.71707582473755,0,85,1935
-11.6935319900513,1,85,1936
-7.70454740524292,0,85,1936
-12.7920379638672,1,86,1937
-7.54501438140869,0,86,1937
-12.0987854003906,1,86,1938
-7.78798627853394,0,86,1938
-11.1823883056641,1,86,1939
-7.87184572219849,0,86,1939
-12.7917213439941,1,86,1940
-7.80128812789917,0,86,1940
-12.1037149429321,1,86,1941
-7.90651273727417,0,86,1941
-12.8019771575928,1,86,1942
-8.08347797393799,0,86,1942
-12.1139183044434,1,86,1943
-8.02794170379639,0,86,1943
-10.9629364013672,1,87,1925
-6.76996088027954,0,87,1925
-11.2155237197876,1,87,1926
-6.79781293869019,0,87,1926
-11.3186922073364,1,87,1927
-6.8480396270752,0,87,1927
-11.432599067688,1,87,1928
-6.86905193328857,0,87,1928
-10.911190032959,1,87,1929
-6.9046835899353,0,87,1929
-11.3678379058838,1,87,1930
-6.98269128799438,0,87,1930
-11.0469923019409,1,87,1931
-6.98876285552979,0,87,1931
-11.2869701385498,1,87,1932
-7.03801345825195,0,87,1932
-10.7059001922607,1,87,1933
-7.10907745361328,0,87,1933
-10.8096170425415,1,87,1934
-7.16637086868286,0,87,1934
-11.4934339523315,1,87,1935
-7.17389631271362,0,87,1935
-11.9283037185669,1,87,1936
-7.20508909225464,0,87,1936
-12.5741806030273,1,88,1937
-7.30118083953857,0,88,1937
-12.5839719772339,1,88,1938
-7.28232669830322,0,88,1938
-12.3929977416992,1,88,1939
-7.40256500244141,0,88,1939
-12.4026012420654,1,88,1940
-7.45126533508301,0,88,1940
-12.4262533187866,1,88,1941
-7.40297079086304,0,88,1941
-12.3623476028442,1,88,1942
-7.4515323638916,0,88,1942
-12.6726131439209,1,88,1943
-7.59258985519409,0,88,1943
-10.9358558654785,1,89,1925
-7.10805130004883,0,89,1925
-10.9499197006226,1,89,1926
-7.1807017326355,0,89,1926
-10.6383657455444,1,89,1927
-7.26248598098755,0,89,1927
-11.4629735946655,1,89,1928
-7.27426671981812,0,89,1928
-12.0518321990967,1,89,1929
-7.30980253219604,0,89,1929
-11.7774639129639,1,89,1930
-7.42611169815063,0,89,1930
-11.5653123855591,1,89,1931
-7.41584873199463,0,89,1931
-11.4510221481323,1,89,1932
-7.54253435134888,0,89,1932
-11.5869407653809,1,89,1933
-7.54155254364014,0,89,1933
-11.1701374053955,1,89,1934
-7.66575574874878,0,89,1934
-11.1381072998047,1,89,1935
-7.60199022293091,0,89,1935
-11.0684833526611,1,89,1936
-7.6160569190979,0,89,1936
-11.5036783218384,1,90,1937
-7.68661260604858,0,90,1937
-12.2676563262939,1,90,1938
-7.77621555328369,0,90,1938
-11.8722953796387,1,90,1939
-7.7933464050293,0,90,1939
-12.4212942123413,1,90,1940
-7.80900621414185,0,90,1940
-13.3049449920654,1,90,1941
-7.88146448135376,0,90,1941
-12.3591938018799,1,90,1942
-7.9224419593811,0,90,1942
-12.3930826187134,1,90,1943
-7.8960542678833,0,90,1943
-10.4546537399292,1,91,1925
-7.14681148529053,0,91,1925
-10.2393455505371,1,91,1926
-7.14673757553101,0,91,1926
-10.4658679962158,1,91,1927
-7.18751955032349,0,91,1927
-10.570782661438,1,91,1928
-7.21721315383911,0,91,1928
-11.0896024703979,1,91,1929
-7.27104520797729,0,91,1929
-10.752254486084,1,91,1930
-7.31304979324341,0,91,1930
-10.9391212463379,1,91,1931
-7.3819317817688,0,91,1931
-10.6217470169067,1,91,1932
-7.4652419090271,0,91,1932
-10.6085004806519,1,91,1933
-7.50309896469116,0,91,1933
-9.98349857330322,1,91,1934
-7.50969743728638,0,91,1934
-10.0298690795898,1,91,1935
-7.46395874023438,0,91,1935
-10.6836929321289,1,91,1936
-7.51661157608032,0,91,1936
-10.7671775817871,1,92,1937
-7.52498626708984,0,92,1937
-10.8024435043335,1,92,1938
-7.60377073287964,0,92,1938
-11.3581924438477,1,92,1939
-7.66817712783813,0,92,1939
-11.4626235961914,1,92,1940
-7.68413162231445,0,92,1940
-11.8988418579102,1,92,1941
-7.71737909317017,0,92,1941
-12.3897552490234,1,92,1942
-7.83456373214722,0,92,1942
-12.2773494720459,1,92,1943
-7.83469867706299,0,92,1943
-10.1859903335571,1,93,1925
-7.37143754959106,0,93,1925
-10.4564609527588,1,93,1926
-7.31188297271729,0,93,1926
-10.7028665542603,1,93,1927
-7.36787605285645,0,93,1927
-10.5549850463867,1,93,1928
-7.43173980712891,0,93,1928
-10.5790185928345,1,93,1929
-7.50345134735107,0,93,1929
-10.643726348877,1,93,1930
-7.55534362792969,0,93,1930
-10.7106609344482,1,93,1931
-7.616868019104,0,93,1931
-10.9751796722412,1,93,1932
-7.67861652374268,0,93,1932
-11.3027315139771,1,93,1933
-7.80050754547119,0,93,1933
-10.912917137146,1,93,1934
-7.87796401977539,0,93,1934
-10.1906089782715,1,93,1935
-7.94487285614014,0,93,1935
-10.0354824066162,1,93,1936
-7.94953203201294,0,93,1936
-10.6493349075317,1,94,1937
-7.99570751190186,0,94,1937
-11.3086395263672,1,94,1938
-8.10034561157227,0,94,1938
-11.3416976928711,1,94,1939
-8.19220066070557,0,94,1939
-11.7400884628296,1,94,1940
-8.23513221740723,0,94,1940
-12.078013420105,1,94,1941
-8.31552219390869,0,94,1941
-11.7196216583252,1,94,1942
-8.34571647644043,0,94,1942
-12.0965938568115,1,94,1943
-8.33281326293945,0,94,1943
-9.76987743377686,1,95,1925
-7.99210453033447,0,95,1925
-9.9669303894043,1,95,1926
-8.14238166809082,0,95,1926
-9.88613796234131,1,95,1927
-7.94022846221924,0,95,1927
-9.9004487991333,1,95,1928
-7.86752700805664,0,95,1928
-10.3665418624878,1,95,1929
-7.98171854019165,0,95,1929
-10.7169256210327,1,95,1930
-7.95691585540771,0,95,1930
-10.9511651992798,1,95,1931
-8.21032524108887,0,95,1931
-9.86352729797363,1,95,1932
-8.35944938659668,0,95,1932
-10.7498512268066,1,95,1933
-8.11079406738281,0,95,1933
-10.4241170883179,1,95,1934
-8.60882759094238,0,95,1934
-9.12255477905273,1,95,1935
-8.32020854949951,0,95,1935
-9.30012226104736,1,95,1936
-8.6534948348999,0,95,1936
-10.0036725997925,1,96,1937
-8.48954486846924,0,96,1937
-10.8024263381958,1,96,1938
-8.33432674407959,0,96,1938
-11.7289085388184,1,96,1939
-8.41472244262695,0,96,1939
-12.4321441650391,1,96,1940
-8.69447422027588,0,96,1940
-8.83697319030762,0,96,1941
-11.364782333374,1,96,1942
-8.85247611999512,0,96,1942
-11.7855138778687,1,96,1943
-8.86774253845215,0,96,1943
